"","area_id","SI"
"1","20601110601",1458.1379472343
"2","20601110605",6298.40163070741
"3","20601110606",4616.99133428822
"4","20601110608",2179.2408334027
"5","20601110609",6125.77226140253
"6","20601110610",10454.778568164
"7","20601110611",4073.88657739702
"8","20601110612",5440.1740622491
"9","20601110613",5474.14576197066
"10","20601110614",6418.05451328869
"11","20601110615",335.917672606
"12","20601110616",3486.28722195719
"13","20601110617",3332.7772719636
"14","20601110618",5022.88489896573
"15","20601110619",5593.49426347054
"16","20601110620",6938.31090092677
"17","20601110621",3887.26136310893
"18","20601110622",3894.4160649363
"19","20601110623",5854.6083626778
"20","20601110624",4290.74429542296
"21","20601110625",5886.56816382655
"22","20601110626",7672.13080604433
"23","20601110627",3557.06219316902
"24","20601110628",8400.22691547201
"25","20601110629",6574.57223903472
"26","20601110630",8878.60266347973
"27","20601110701",4227.00539927435
"28","20601110702",2936.156401303
"29","20601110703",1803.29389228842
"30","20601110704",3299.53120143205
"31","20601110705",2517.02935325698
"32","20601110706",2573.20968095425
"33","20601110707",1879.30511233938
"34","20601110708",4466.63937455292
"35","20601110710",2305.50286243047
"36","20601110712",295.091015978508
"37","20601110713",3126.24487858577
"38","20601110714",3576.56352441018
"39","20601110717",3253.85942454884
"40","20601110719",396.024564219394
"41","20601110720",3866.68896448344
"42","20601110721",4565.90559835771
"43","20601110722",110.35391360206
"44","20601110723",1222.85477569672
"45","20601110724",5062.37576547528
"46","20601110725",1296.04408579123
"47","20601110726",4478.00967092622
"48","20601110728",3585.92220344301
"49","20601110729",3625.06596145046
"50","20601110730",4143.56975209187
"51","20601110731",109.721870488309
"52","20601110732",1875.36484332512
"53","20601110733",4883.03604959351
"54","20601110734",0.173943636105784
"55","20601110735",44.6298377660964
"56","20601110736",4096.60130077384
"57","20601110901",3890.07171764815
"58","20601110902",2818.67462877835
"59","20601110903",2042.4142878563
"60","20601110904",2345.71319825065
"61","20601110905",4633.65998378085
"62","20601110906",3299.9462159042
"63","20601110907",3618.36683502429
"64","20601110908",638.54393028502
"65","20601110909",399.765497356267
"66","20601110911",660.483258036834
"67","20601110921",374.934663617541
"68","20601110922",982.864154715151
"69","20601149501",2287.26531015288
"70","20601149502",5321.56437844334
"71","20601149503",9540.32042576956
"72","20601149505",6716.48964266011
"73","20601149506",191.617288002751
"74","20601149507",6161.34824235538
"75","20601149508",6875.10892633379
"76","20601149509",9452.24362874715
"77","20601149510",2869.23234540726
"78","20601149513",2674.59845184224
"79","20601149514",5760.08777581389
"80","20601149515",6551.08977921282
"81","20601149517",7319.5327604638
"82","20601149518",4744.99733904725
"83","20601149519",109.456891438007
"84","20601149521",5909.7097155774
"85","20601149522",4604.17976307195
"86","20601149523",5709.30112942162
"87","20601149524",5102.11489299881
"88","20601149525",4028.45463610116
"89","20601149526",6334.58172034563
"90","20601149527",7589.53835012595
"91","20601149528",2775.69532249656
"92","20601149529",9373.66112746173
"93","20601149532",2797.8396396314
"94","20601149601",6052.69555217722
"95","20601149602",1049.00650161476
"96","20601149603",4550.77265414927
"97","20601149604",3152.58996536577
"98","20601149605",2686.33285349127
"99","20601149606",3097.09217339487
"100","20601149607",3300.68042992517
"101","20601149608",1505.57679323873
"102","20601149610",5137.79119448895
"103","20601149611",7598.1057599846
"104","20601149612",4834.00186877982
"105","20601149613",2839.26167404259
"106","20601149614",591.952347336327
"107","20601149615",3837.76161981218
"108","20601149616",431.53255638912
"109","20601149617",5209.11089749768
"110","20601149618",1553.80104853427
"111","20601149619",2685.09697653115
"112","20601149620",4476.11390483917
"113","20601149621",4879.72095464112
"114","20601149622",2231.71723861697
"115","20601149623",1776.4686933822
"116","20601149624",5321.90188892137
"117","20601149625",7224.50252938851
"118","20601149626",2222.17169801075
"119","20601149627",5944.48015575018
"120","20601149628",2529.525954436
"121","20601149701",1198.96622960804
"122","20601149702",3654.8859419519
"123","20601149703",4221.5705253468
"124","20601149704",6227.21545956707
"125","20601149705",1724.88638280721
"126","20601149706",3564.94604674217
"127","20601149707",3491.29798690366
"128","20601149708",5816.75509676278
"129","20601149709",4953.95562309602
"130","20601149710",3458.97382964254
"131","20601149711",239.716151604623
"132","20601149712",5593.16678186058
"133","20601149713",3470.79348630144
"134","20601149714",3488.3981294683
"135","20601149715",4242.00865567866
"136","20601149716",811.703693770039
"137","20601149717",9570.49378454195
"138","20601149718",4156.98046060463
"139","20601149719",519.923829238876
"140","20601149720",364.3218069869
"141","20601149721",3836.58193863929
"142","20601149722",2504.19426194452
"143","20601149723",7719.82250783838
"144","20601149724",3251.89509532993
"145","20601149725",4509.01559838093
"146","20601149726",5428.02013625769
"147","20601149802",2658.38208229041
"148","20601149806",160.676757001675
"149","20601149811",0.197611790310898
"150","20601149812",1054.70370000912
"151","20601149813",1895.07945594818
"152","20601149814",3546.11871155711
"153","20601149815",109.350712318569
"154","20601149817",2994.86553304312
"155","20601149818",146.526158907025
"156","20601149819",26.4767310715666
"157","20601149820",2886.69065148068
"158","20601149824",909.305661514076
"159","20601149825",1720.14995754562
"160","20601149826",380.541833018857
"161","20601149827",71.5806585926421
"162","20601149829",1252.18435048234
"163","20601149830",2769.76105588063
"164","20601149831",3307.92853230051
"165","20601149833",681.035176983759
"166","20602111204",6154.80306383346
"167","20602111205",3504.13491051217
"168","20602111206",4427.51985398671
"169","20602111207",5162.87597145148
"170","20602111208",2292.48919683594
"171","20602111209",4719.00496366642
"172","20602111211",6079.14682617845
"173","20602111212",0.104472637268666
"174","20602111221",142.91549331659
"175","20602111222",469.501738259342
"176","20602111226",3131.09261559311
"177","20602111228",1039.05069474837
"178","20602111229",5004.86414211394
"179","20602111230",1863.01435664818
"180","20602111231",1797.48170582839
"181","20602111232",2160.59828778853
"182","20602111233",2802.28396116247
"183","20602111234",4345.27008851277
"184","20602111235",4074.75877007707
"185","20602111236",2049.79257144155
"186","20602111237",3696.43088536607
"187","20602111238",4854.30063447379
"188","20602111239",6311.37263001406
"189","20602111242",3708.12876284133
"190","20602149905",3582.70317240184
"191","20602149906",5160.5450077096
"192","20602149907",1897.89685894142
"193","20602149912",751.787135534474
"194","20602149914",12.0675243680671
"195","20602149915",3642.7779782096
"196","20602149916",12.4484623037638
"197","20602149917",2696.06130397706
"198","20602149919",3156.58489891489
"199","20602149922",3722.36285555197
"200","20602149923",2017.14978627217
"201","20602149926",1629.56935185882
"202","20602149929",2969.73339382968
"203","20602149932",2162.99510364641
"204","20602150001",5590.03044378476
"205","20602150002",3712.10474489349
"206","20602150003",4119.86828968484
"207","20602150004",2054.47718430578
"208","20602150005",3860.23616621143
"209","20602150006",5357.00856513071
"210","20602150007",5643.38078847927
"211","20602150008",1599.17455287538
"212","20602150009",3714.41228658453
"213","20602150010",3717.89402969516
"214","20602150011",3802.42196991941
"215","20602150012",2654.5805612273
"216","20602150013",2361.41029235232
"217","20602150014",3256.07663466955
"218","20602150015",819.837802503759
"219","20602150016",3905.93902046886
"220","20602150017",3772.77642354979
"221","20602150018",4135.42010449067
"222","20602150020",3417.20235561044
"223","20602150021",4460.36333177292
"224","20602150022",1.50586554873316
"225","20602150023",2508.17383617409
"226","20602150024",3862.73189559024
"227","20603111301",734.72216283577
"228","20603111302",6082.95852102523
"229","20603111303",4563.13827863779
"230","20603111304",533.706212599888
"231","20603111307",459.615440450108
"232","20603111308",6189.25457086793
"233","20603111309",2807.96950508439
"234","20603111310",7869.13159002668
"235","20603111311",5105.34309593568
"236","20603111312",3067.11859478493
"237","20603111313",5362.47780375156
"238","20603111314",3211.72565294204
"239","20603111315",3328.11590184826
"240","20603111316",2656.58287189522
"241","20603111317",3355.03364347074
"242","20603111318",4221.67312952214
"243","20603111319",4187.99852320609
"244","20603111320",17.0984814078799
"245","20603111321",1098.52268656254
"246","20603111322",5524.58232307447
"247","20603111323",3750.06688241456
"248","20603111324",5000.95145710168
"249","20603111325",1877.69122187354
"250","20603111326",2623.29653209436
"251","20603111327",3126.83138424344
"252","20603111328",3725.67432525634
"253","20603111329",1.31048174292829
"254","20603111330",6189.61781903316
"255","20603111332",1548.27419235803
"256","20603111501",2266.29798650757
"257","20603111502",4513.86592139068
"258","20603111503",2564.71895505121
"259","20603111504",4763.93532050156
"260","20603111505",5095.23795520568
"261","20603111506",8465.31453846731
"262","20603111507",4692.18970658706
"263","20603111508",5347.77706117944
"264","20603111510",277.098538947263
"265","20603111511",376.292056484286
"266","20603111513",4642.56645708655
"267","20603111514",4443.2415903972
"268","20603111515",2889.31319589169
"269","20603111516",4773.82704558337
"270","20603111518",6725.23339152608
"271","20603111519",8021.92451756849
"272","20603111520",6144.27082266934
"273","20603111521",6592.05844040184
"274","20603111522",5318.47667612519
"275","20603111523",4471.3728354326
"276","20603111524",3481.86900669486
"277","20603111525",4823.50215642996
"278","20603111526",5084.27781769321
"279","20603111527",5536.96108595732
"280","20603111601",3246.1581561467
"281","20603111602",5852.56755937572
"282","20603111603",4314.12637315116
"283","20603111604",2.46074074130429
"284","20603111610",158.037150759721
"285","20603111611",542.502475621325
"286","20603111612",4394.55023381778
"287","20603111613",3510.81016267363
"288","20603111614",918.049240676423
"289","20603111615",279.840549402235
"290","20603111616",3599.13470896848
"291","20603111618",6706.96839156695
"292","20603111619",5588.98493203176
"293","20603111620",2073.52780737855
"294","20603111621",3939.90955873618
"295","20603111622",1509.83446384308
"296","20603111623",3905.78959022328
"297","20603111624",5117.85556261926
"298","20603111626",5223.45243287536
"299","20603111628",5055.03336411328
"300","20603111629",676.715258930786
"301","20603111630",832.666842877655
"302","20603111633",2128.57986339831
"303","20603111634",3010.23388037451
"304","20603111635",3827.95009960515
"305","20603111636",1727.58799152544
"306","20603150102",3104.06829681016
"307","20603150103",3473.12288526674
"308","20603150106",2802.36750328341
"309","20603150107",331.070488171482
"310","20603150109",4324.70585576223
"311","20603150111",413.997557800589
"312","20603150115",3125.34189299382
"313","20603150117",85.4907587245687
"314","20603150118",4784.67187091072
"315","20603150119",3400.44281395209
"316","20603150122",87.7651148547553
"317","20603150123",3568.62528231828
"318","20603150124",2659.08104904526
"319","20603150125",4421.70976635232
"320","20603150129",139.276930989642
"321","20603150131",2631.77137465501
"322","20603150134",3757.93667993486
"323","20603150201",1668.81973197222
"324","20603150202",4870.67241998148
"325","20603150203",5343.17988186935
"326","20603150204",2.55430378498037
"327","20603150205",3373.52543349933
"328","20603150206",2937.30708967794
"329","20603150207",312.601822541113
"330","20603150210",8.09766046315394
"331","20603150211",847.899282736829
"332","20603150212",5268.28933044928
"333","20603150213",3852.10545120404
"334","20603150214",4939.08542128131
"335","20603150215",4400.37930605498
"336","20603150216",578.696962766767
"337","20603150218",1249.83403421964
"338","20603150219",5249.70772332531
"339","20603150220",3499.52476281814
"340","20603150221",7037.84109724605
"341","20603150223",4271.52219388791
"342","20603150224",308.786145112276
"343","20603150226",4429.03018690318
"344","20603150227",1300.20813689213
"345","20603150229",226.030519924791
"346","20604111702",7838.0999226423
"347","20604111703",6178.34766128698
"348","20604111704",12003.4373295345
"349","20604111705",4909.80259588498
"350","20604111708",20753.3357531076
"351","20604111709",4254.34833725734
"352","20604111711",5190.00108267592
"353","20604111712",5270.93014010721
"354","20604111713",4482.90071439286
"355","20604111714",3994.42261457975
"356","20604111715",3712.34880061663
"357","20604111716",2466.42969181827
"358","20604111717",4161.00852635491
"359","20604111719",7797.60134918476
"360","20604111720",4051.36979169856
"361","20604111721",6734.72162202768
"362","20604111722",8294.17538014095
"363","20604111723",8520.35518076037
"364","20604111724",7007.18834565632
"365","20604111725",636.394199160649
"366","20604111726",11351.2429798673
"367","20604111727",16938.4859089863
"368","20604111728",20829.6846184814
"369","20604111729",15981.2521702545
"370","20604111731",23898.57436581
"371","20604111733",19521.275381235
"372","20604111734",9233.55358492509
"373","20604111735",20260.4262110236
"374","20604111736",15656.2399828961
"375","20604111737",24755.6321660766
"376","20604111738",27093.7870060824
"377","20604111739",5698.75074965718
"378","20604111740",7110.96493534423
"379","20604111741",8752.03054911698
"380","20604111742",20972.3346103377
"381","20604111743",31417.90069624
"382","20604111744",33683.9999999859
"383","20604111745",7958.13348031665
"384","20604111746",15286.700905342
"385","20604111747",24807.4830876012
"386","20604111748",15785.1064100011
"387","20604111749",30753.5934715441
"388","20604111750",6757.67791121399
"389","20604111801",4340.85424901541
"390","20604111802",3514.89554607247
"391","20604111805",12825.7508656908
"392","20604111806",10783.4359690407
"393","20604111807",10508.8525461233
"394","20604111808",6785.59223682012
"395","20604111811",13763.7445775262
"396","20604111815",18994.0354142259
"397","20604111816",19488.3054375376
"398","20604111817",11853.6082873695
"399","20604111818",3873.77001056222
"400","20604111819",5588.39027190876
"401","20604111820",3273.04454920605
"402","20604111821",4208
"403","20604111822",1713.30557265659
"404","20604111823",22634.1816882296
"405","20604111824",11607.5401126051
"406","20604111825",9978.68187964451
"407","20604111826",12278.4487908906
"408","20604111827",5923.1152987876
"409","20604111828",13626.7292147296
"410","20604111829",13381.130655876
"411","20604111830",2030.13524902358
"412","20604111832",12526.2984280735
"413","20604111833",3395.03327136975
"414","20604111834",31664.7565492224
"415","20604111835",4234.70087434636
"416","20604111836",5445.61963005414
"417","20604111837",5348.38530365938
"418","20604111901",6536.20273264666
"419","20604111902",6395.55932753451
"420","20604111903",4302.02424024594
"421","20604111904",7312.87642355857
"422","20604111905",6797.84927196753
"423","20604111906",4338.34181362559
"424","20604111907",6109.9639976614
"425","20604111908",4298.27951558845
"426","20604111909",6535.7349568472
"427","20604111910",23278.7280375156
"428","20604111911",6028.94891178566
"429","20604111912",8857.35953948253
"430","20604111913",8882.26269522363
"431","20604111914",7274.99173530897
"432","20604111915",7815.16321516808
"433","20604112001",1011.40839258674
"434","20604112103",385.948932505516
"435","20604112104",4394.43820644892
"436","20604112105",4777.54423454105
"437","20604112111",4484.17670659197
"438","20604112112",3531.5673149979
"439","20604112113",4568.1423814344
"440","20604112115",1756.57139639369
"441","20604112122",6.42622418450739
"442","20604112123",1214.63282855466
"443","20604112401",2100.97177173792
"444","20604112402",5015.11746621248
"445","20604112404",4204.44855824427
"446","20604112406",7309.03498014229
"447","20604112407",7365.30222583305
"448","20604112409",2207.07010740913
"449","20604112410",5312.71256821806
"450","20604112411",11555.4684111961
"451","20604112412",5135.81198237096
"452","20604112415",3486.5755698617
"453","20604112417",3904.44975979861
"454","20604112419",188.767165033296
"455","20604112420",4850.43786354795
"456","20604112421",3528.02266859864
"457","20604112422",40.3467531745645
"458","20604112501",9155.97499129014
"459","20604112503",2950.08931826792
"460","20604112504",4239.57927114846
"461","20604112506",21044.8688502431
"462","20604112508",18131.5666608619
"463","20604112509",3568.95428023241
"464","20604112510",5.58836745407663
"465","20604112511",0.686917207241
"466","20604112512",3568.75230993584
"467","20604112514",4329.68854968097
"468","20604112515",15499.5492799015
"469","20604112516",21890.0026745688
"470","20604112517",9798.23269061478
"471","20604112518",17075.6421223464
"472","20604112519",22257.6941054008
"473","20604112520",7197.48498215571
"474","20604112521",19108.8963969367
"475","20604112522",18652.7155431501
"476","20604112702",222.958520037366
"477","20604150301",44947.9005036804
"478","20604150302",7017.05458281178
"479","20604150303",13623.1168955191
"480","20604150304",40522.2922422292
"481","20604150305",19871.4119407976
"482","20604150306",53371.6246366384
"483","20604150307",26583.7693692373
"484","20604150308",28939.2196392675
"485","20604150309",8973.30267774841
"486","20604150310",22283.7524383949
"487","20604150311",30767.2632207406
"488","20604150312",28465.1115732405
"489","20604150313",25780.2778952686
"490","20604150314",26222.1454243375
"491","20604150315",27671.4938852355
"492","20604150316",21572.0396660944
"493","20604150317",49339.0884374738
"494","20604150318",16541.7353952553
"495","20604150319",49152.6384810351
"496","20604150320",19254.6526173817
"497","20604150321",26680.2305594463
"498","20604150322",54207.0220576666
"499","20604150323",10778.6577807848
"500","20604150324",29030.2979827774
"501","20604150325",25285.5807573935
"502","20604150326",34805.330143528
"503","20604150327",62356.7909132856
"504","20604150401",39843.2522201181
"505","20604150402",11002.25003364
"506","20604150403",7619.60164220069
"507","20604150404",30073.3716618501
"508","20604150405",22043.6147659989
"509","20604150406",28954.0756924909
"510","20604150407",16405.7256886437
"511","20604150408",36535.1135826787
"512","20604150409",36536.751369734
"513","20604150410",31180.2229161266
"514","20604150411",26752.5339100948
"515","20604150412",42629.0215356473
"516","20604150413",35699.7269576416
"517","20604150414",33065.6151470246
"518","20604150415",7273.31345243585
"519","20604150416",33223.490494463
"520","20604150417",47408.9767224113
"521","20604150418",41547.7106552157
"522","20604150419",8066.95522047514
"523","20604150420",37408.4229911518
"524","20604150421",34335.5961963468
"525","20604150422",38702.2824904928
"526","20604150423",23512.3420390873
"527","20604150424",34206.7570884527
"528","20604150425",12554.4321735225
"529","20604150426",36298.6731803848
"530","20604150427",34791.1218484996
"531","20604150428",26285.3486957524
"532","20604150429",32868.8687683464
"533","20604150430",43886.9758384087
"534","20604150431",14881.5524914441
"535","20604150432",33573.629910188
"536","20604150433",30826.663531904
"537","20604150434",38038.6762574409
"538","20604150501",28078.247849728
"539","20604150502",32120.496963495
"540","20604150503",32559.4768014593
"541","20604150504",15122.6380385534
"542","20604150505",18692.1149529474
"543","20604150506",33928.9752457425
"544","20604150507",33607.6946741965
"545","20604150508",46650.7869082379
"546","20604150509",7060.27318478348
"547","20604150510",32448.8902908766
"548","20604150511",52678.3874778697
"549","20604150512",15982.6503073883
"550","20604150513",30987.0859263442
"551","20604150514",24936.298846694
"552","20604150515",30149.3055092511
"553","20604150516",9522.00137640644
"554","20604150517",16411.4897323627
"555","20604150518",12467.0640284064
"556","20604150519",22895.8048260437
"557","20604150520",29116.419495194
"558","20604150521",29927.7200013436
"559","20604150522",19950.3823939753
"560","20604150523",41570.3819361467
"561","20604150524",21070.9095455789
"562","20604150525",18530.9727336357
"563","20604150526",18071.5497153117
"564","20604150527",12225.9999999886
"565","20604150528",30034.8039196242
"566","20604150529",10468.1651693605
"567","20604150530",14493.9492168937
"568","20604150531",40547.5363678535
"569","20604150601",12938.1478254274
"570","20604150602",5480.42529278722
"571","20604150603",9502.11569349308
"572","20604150604",5714.32020429351
"573","20604150605",9529.44610641346
"574","20604150606",7944.9548242429
"575","20604150607",5360.05953418971
"576","20604150608",3802.75053093482
"577","20604150609",7745.11273603978
"578","20604150610",8068.86885371288
"579","20604150611",16638.0324072199
"580","20604150612",7651.53327234004
"581","20604150613",5565.93633610508
"582","20604150614",14296.5727508928
"583","20604150615",6009.91857755702
"584","20604150616",6063.22789704473
"585","20604150617",14366.6678429071
"586","20604150618",11667.2230275199
"587","20604150619",15591.5093469501
"588","20604150620",6922.13164136362
"589","20604150621",3822.37329666795
"590","20604150622",16431.1693981266
"591","20604150623",13861.011826251
"592","20604150624",359.973082540387
"593","20604150625",7626.98810176951
"594","20604150626",1185.13878121955
"595","20604150627",4911.12726190281
"596","20604150628",1474.2689029217
"597","20604150629",752.566146074938
"598","20604150630",5102.05124825017
"599","20604150631",4673.41718460365
"600","20604150632",339.666026641277
"601","20604150633",7818.25993543371
"602","20604150634",8057.81465381901
"603","20604150635",7740.94769847053
"604","20604150636",8495.97510767072
"605","20604150637",14159.7626329092
"606","20604150638",957.517290217363
"607","20604150639",6105.08062657791
"608","20604150701",6540.24484539799
"609","20604150801",12910.4762987697
"610","20604150802",13544.3468833867
"611","20604150803",6137.24147950149
"612","20604150804",8343.36128666187
"613","20604150805",3507.999999998
"614","20604150806",11233.9995432937
"615","20604150807",7040.91522039485
"616","20604150808",7307.71841860097
"617","20604150809",4652.60417220958
"618","20604150810",5904.51528787742
"619","20604150811",7871.8869108015
"620","20604150812",10858.5551070921
"621","20604150813",9465.66756774952
"622","20604150814",22606.3064856866
"623","20604150815",14351.8338711688
"624","20604150816",10716.5041673606
"625","20604150901",3148.28290487417
"626","20604150902",15820.6129729743
"627","20604150903",5357.44970167701
"628","20604150904",3781.97402196308
"629","20604150905",4918.17706783907
"630","20604150906",10799.5192160995
"631","20604150907",4741.39569759425
"632","20604150908",19350.7628484515
"633","20604150909",16291.8640724188
"634","20604150910",7077.77134195423
"635","20604150911",12210.6072270947
"636","20604150912",4647.19953431229
"637","20604150913",6366.05384503959
"638","20604150914",8559.23247582098
"639","20604150915",5926.42147216093
"640","20604150916",6288.22248713545
"641","20604150917",6773.29042130158
"642","20604150918",15702.8948176805
"643","20604150919",13664.9584773346
"644","20604150920",11770.91013534
"645","20604150921",8835.25364755763
"646","20604150922",6181.2983115817
"647","20604150923",3638.8260355687
"648","20604150924",4542.4959052475
"649","20604150925",6502.19283050771
"650","20604150926",4127.95709241532
"651","20604150927",17928.1668512743
"652","20604150928",10539.1091099217
"653","20604150929",6895.99223346502
"654","20604150930",10948.7319131368
"655","20604150931",3992.88602217358
"656","20604150932",20176.0475288201
"657","20604150933",10075.5648750228
"658","20604151001",3413.77988626843
"659","20604151002",195.578505562863
"660","20604151003",8895.77195838128
"661","20604151004",4532.04149851207
"662","20604151005",4856.02237392374
"663","20604151006",7721.07400851093
"664","20604151007",6842.58432439472
"665","20604151008",649.255515235619
"666","20604151009",8206.34135645496
"667","20604151010",2334.3885452274
"668","20604151011",4539.72514855563
"669","20604151012",3934.03463102568
"670","20604151013",6693.26071805055
"671","20604151014",7225.00484985029
"672","20604151015",3959.99635020962
"673","20604151016",1316.22026750054
"674","20605112801",4214.93877667201
"675","20605112802",4312.79895113121
"676","20605112803",5988.186410192
"677","20605112804",6062.1833736717
"678","20605112805",7514.5183206126
"679","20605112807",3205.83982528421
"680","20605112808",3188.67225812729
"681","20605112809",2731.72907629193
"682","20605112810",731.706003092559
"683","20605112811",2579.47067327618
"684","20605112812",4742.16506023743
"685","20605112813",3627.50142734168
"686","20605112814",6514.10789276449
"687","20605112815",6493.64514659541
"688","20605112816",2172.31842880801
"689","20605112817",3629.88503419628
"690","20605112818",4889.22869224496
"691","20605112819",7459.2788891853
"692","20605112820",3242.90742055463
"693","20605112821",3724.8002649323
"694","20605112822",3304.31137904112
"695","20605112823",3404.18651577275
"696","20605112824",4981.93681744182
"697","20605112825",4676.14919418889
"698","20605112826",4109.4672847321
"699","20605112828",19376.868828515
"700","20605112830",23213.0889328607
"701","20605112832",3931.73100245924
"702","20605112833",16302.0399954065
"703","20605112834",18219.6976852749
"704","20605112835",18152.1156023734
"705","20605112836",25035.8568325979
"706","20605112837",20867.3889808246
"707","20605112838",21512
"708","20605112839",21988.6070777959
"709","20605112840",20673.539373556
"710","20605112841",20725.3584005492
"711","20605112842",18201.6126220777
"712","20605112843",17223.8161150149
"713","20605112901",2888.25924855861
"714","20605112912",107.908632203077
"715","20605112913",3584.42312050242
"716","20605112914",2882.73310656015
"717","20605112921",749.927995531887
"718","20605112922",384.154435659791
"719","20605112923",3174.63216046728
"720","20605112924",2253.59431737982
"721","20605112925",316.761791524564
"722","20605112926",2182.56521623429
"723","20605112927",937.558227783716
"724","20605112928",129.937391936091
"725","20605112930",848.705378423984
"726","20605112931",825.735870328491
"727","20605112932",5160.38476904938
"728","20605112933",3192.71288584861
"729","20605113002",1720.79165146189
"730","20605113003",1899.50889891452
"731","20605113004",763.777297873636
"732","20605113005",489.811512625682
"733","20605113006",1411.4324238162
"734","20605113008",166.515112540861
"735","20605113011",1162.80971773771
"736","20605113012",1536.43168102817
"737","20605113017",731.076471042442
"738","20605113019",1874.29419910668
"739","20605113020",751.375473831198
"740","20605113021",1477.00000000012
"741","20605113023",83.8874197509597
"742","20605113027",1602.79077061606
"743","20605113028",1026.74340808306
"744","20605113029",688.895997761537
"745","20605113032",1424.40053651383
"746","20605113034",175.114237529577
"747","20605113035",1180.36221043003
"748","20605113036",29.9149308065445
"749","20605113037",1804.04887705916
"750","20605113038",535.148622770226
"751","20605113039",76.8736578500002
"752","20605113403",744.221596206682
"753","20605113404",2525.4628291932
"754","20605113405",6755.91421170201
"755","20605113406",6679.76923251635
"756","20605113407",6629.13493518884
"757","20605113408",3965.57022473473
"758","20605113409",5886.79648008881
"759","20605113410",4358.87869315288
"760","20605113411",4667.39927322893
"761","20605113412",5606.08280631372
"762","20605113413",804.955608299936
"763","20605113414",10.6050221129254
"764","20605113415",542.825915655706
"765","20605113416",665.881092773904
"766","20605113417",3299.40173224946
"767","20605113418",3241.35197791517
"768","20605113419",4.39176591780299
"769","20605113420",802.222736774004
"770","20605113421",0.155066108006671
"771","20605113422",2131.86097532364
"772","20605113423",6560.84215616561
"773","20605113424",6948.55309885046
"774","20605113425",7357.60094512194
"775","20605113426",8164.26697242531
"776","20605113427",10449.9022943464
"777","20605113428",4897.99756685771
"778","20605113429",3606.54172955656
"779","20605113430",3357.20728871434
"780","20605113431",4030.52653816451
"781","20605113432",486.911491875278
"782","20605113433",1904.1641682005
"783","20605113434",3968.83175448719
"784","20605113435",2877.11438112828
"785","20605113436",2224.6188360346
"786","20605113437",3070.73117396384
"787","20605113438",620.06544318205
"788","20605113439",12065.2554691976
"789","20605151101",244.628785100813
"790","20605151102",3269.97008524767
"791","20605151103",59.1542883525153
"792","20605151201",9119.25537067607
"793","20605151202",12610.5964754027
"794","20605151203",18088.5410998741
"795","20605151204",4037.26901575325
"796","20605151205",8323.75632278334
"797","20605151206",10158.4748000136
"798","20605151207",13233.4795047312
"799","20605151208",800.863330483651
"800","20605151209",4774.41813093495
"801","20605151210",6092.47009867195
"802","20605151211",5342.28022363456
"803","20605151212",3817.32278515808
"804","20605151213",3653.37088395994
"805","20605151214",16588.9895187689
"806","20605151215",16894.3783347388
"807","20605151216",17953.3299232441
"808","20605151217",9915.95900407256
"809","20605151218",7148.01472795894
"810","20605151219",7212.56491281727
"811","20605151220",11672.5855003908
"812","20605151221",7161.12469767622
"813","20605151222",6762.94159473916
"814","20605151223",821.545046058514
"815","20605151224",2069.03013882141
"816","20605151225",6906.61214701727
"817","20605151226",3275.56739395908
"818","20605151227",7721.18609608491
"819","20605151228",2552.35915306268
"820","20605151229",8291.56527776548
"821","20605151230",444.07905537245
"822","20605151231",8790.18927321835
"823","20605151301",301.697748934576
"824","20605151302",12684.5262323841
"825","20605151303",5112.19128318729
"826","20605151304",5941.24693246494
"827","20605151305",11177.430541454
"828","20605151306",9298.08578558305
"829","20605151307",7243.52873824477
"830","20605151308",5376.77397118752
"831","20605151309",6232.47149450941
"832","20605151310",6476.93393827896
"833","20605151311",4475.59632408347
"834","20605151312",5699.49479889349
"835","20605151313",7168.79221900991
"836","20605151314",11484.9697521121
"837","20605151315",9223.83752319573
"838","20605151316",9365.79987633552
"839","20605151317",6935.33870046192
"840","20605151318",11440.8792380606
"841","20605151319",6414.41831131732
"842","20605151320",8524.31315309163
"843","20605151321",2523.52884766026
"844","20605151322",7138.10278946638
"845","20605151323",10771.5386394295
"846","20605151324",13582.9465070012
"847","20605151325",9778.78704501735
"848","20605151401",5473.73870665432
"849","20605151402",5576.38791116797
"850","20605151403",5272.68653395322
"851","20605151404",6984.94311567917
"852","20605151405",10617.0085550351
"853","20605151406",11288.5892127593
"854","20605151407",318.357496776277
"855","20605151408",10817.5002131944
"856","20605151409",4880.30914443142
"857","20605151410",3121.15728685127
"858","20605151411",11247.0782126906
"859","20605151412",4527.85485204597
"860","20605151414",10537.0924647147
"861","20605151415",16238.6311957462
"862","20605151416",9164.59626600201
"863","20605151417",5228.75607741881
"864","20605151418",6646.01184937826
"865","20605151419",17475.5008007483
"866","20605151420",18587.7014753775
"867","20605151421",5681.51249026789
"868","20605151422",16880.2103657125
"869","20605151423",12794.1813320022
"870","20605151424",12633.8889973957
"871","20605151425",13491.7886308315
"872","20605151426",484.42270479469
"873","20605151427",8965.75160434899
"874","20605151428",13922.1886912831
"875","20605151429",18523.5320246282
"876","20605151430",13370.0558851259
"877","20605151431",4364.45310545666
"878","20605151432",6516.6298051305
"879","20605151433",7139.84041810981
"880","20605151434",5923.87473582014
"881","20605151435",6821.36933428816
"882","20606113501",11410.5615911529
"883","20606113502",7141.28312850922
"884","20606113503",7171.63866122492
"885","20606113504",5009.89852704076
"886","20606113505",4649.49013601528
"887","20606113506",4964.36074307761
"888","20606113507",8261.21458472329
"889","20606113508",4790.45191993436
"890","20606113509",4005.26438203516
"891","20606113511",4674.29646014
"892","20606113512",3643.43807905392
"893","20606113513",4206.18392985218
"894","20606113514",4302.9596337814
"895","20606113515",4301.38165397513
"896","20606113516",4522.8039090222
"897","20606113517",4597.89307893651
"898","20606113518",5688.33686470589
"899","20606113519",6924.0379308085
"900","20606113520",4304.73554377138
"901","20606113521",4458.82282777819
"902","20606113603",4705.83592758819
"903","20606113604",5576.57537742906
"904","20606113605",12622.3812629679
"905","20606113606",6038.27499336081
"906","20606113607",10073.0372316314
"907","20606113608",7728.10263986281
"908","20606113609",9221.26431063916
"909","20606113610",6766.77964741603
"910","20606113611",6712.90721232343
"911","20606113612",6435.45881176493
"912","20606113613",4932.19677665803
"913","20606113614",8021.80581383014
"914","20606113615",7472.35442410057
"915","20606113616",7253.25734055339
"916","20606113617",4150.24679996191
"917","20606113618",5653.91152508589
"918","20606113619",5715.25253664564
"919","20606113620",5604.7799594967
"920","20606113621",6228.57621312171
"921","20606113622",4807.59979538713
"922","20606113623",5677.8871112371
"923","20606113624",4658.27997479082
"924","20606113625",4338.72375842689
"925","20606113626",5194.27032892193
"926","20606113627",5479.33029365693
"927","20606113628",4980.18034187555
"928","20606113629",7309.24033609521
"929","20606113630",4528.84715977145
"930","20606113631",4362.53120136949
"931","20606113632",4016.02658811916
"932","20606113633",4548.8672660109
"933","20606113634",3826.27364092037
"934","20606113635",5093.42639104883
"935","20606113636",4447.2414924118
"936","20606113637",4416.20793232832
"937","20606113638",4648.35095361622
"938","20606113639",4386.43238949702
"939","20606113640",4303.77175183263
"940","20606113641",7545.66540179299
"941","20606113642",7992.36370978426
"942","20606113643",7576.32007122853
"943","20606113644",7281.3170657679
"944","20606113645",7665.16225843155
"945","20606113801",3295.6168447814
"946","20606113802",3314.14145637601
"947","20606113803",1983.58907245781
"948","20606113804",2675.30773417005
"949","20606113805",4148.65774133656
"950","20606113806",427.956193060467
"951","20606113807",4918.24312368554
"952","20606113808",2742.32023875353
"953","20606113809",2748.74185734976
"954","20606113810",6823.23512703435
"955","20606113811",4009.61498333154
"956","20606113812",3917.21670840821
"957","20606113813",1946.0605957376
"958","20606113814",5111.57613872293
"959","20606113815",3992.78875537237
"960","20606113816",4227.6387972353
"961","20606113818",7.22024939552857
"962","20606113819",28.3183685320327
"963","20606113820",4963.15310214236
"964","20606113821",4.13234710905223
"965","20606113822",29.9614786129068
"966","20606113823",4046.71566980391
"967","20606113825",2162.04741518587
"968","20606113826",4264.1482906488
"969","20606113827",4681.61580203512
"970","20606113828",2470.03595822866
"971","20606113829",3840.90434565089
"972","20606113830",2712.37408252917
"973","20606113831",3433.62423340812
"974","20606113832",5977.04229039232
"975","20606151501",331.890991729153
"976","20606151502",1859.77065747618
"977","20606151503",2962.83108456357
"978","20606151504",201.181942186839
"979","20606151505",4923.43112431777
"980","20606151506",8297.7278625966
"981","20606151507",3567.00570138555
"982","20606151508",6869.27924011835
"983","20606151509",3164.67651188136
"984","20606151510",5689.84467651881
"985","20606151511",3719.31048246833
"986","20606151512",4440.03086259717
"987","20606151513",3227.81994313147
"988","20606151514",5864.1881409342
"989","20606151515",8459.52624163804
"990","20606151516",73.0775650374581
"991","20606151517",5624.37254155848
"992","20606151518",5777.16357457018
"993","20606151519",5594.84630318697
"994","20606151520",7488.46199169523
"995","20606151521",2311.24449471767
"996","20606151522",1.46377312723214
"997","20606151523",5640.00000000109
"998","20606151524",4048.89878002296
"999","20606151525",6033.09255515559
"1000","20606151601",3716.10240218419
"1001","20606151602",2265.16512026772
"1002","20606151603",5587.55370897471
"1003","20606151604",6892.18966535784
"1004","20606151605",6462.9383548377
"1005","20606151606",7223.96822133172
"1006","20606151607",5126.96161426939
"1007","20606151608",3414.33342947763
"1008","20606151609",7305.19093877207
"1009","20606151610",3340.34391548855
"1010","20606151611",5698.58505141456
"1011","20606151612",3964.35011605976
"1012","20606151613",5620.55054631964
"1013","20606151614",1599.15994061081
"1014","20606151615",2485.38568547777
"1015","20606151616",2541.99828527877
"1016","20606151617",3445.15306449897
"1017","20606151618",3067.90591596437
"1018","20606151619",2493.72041234755
"1019","20606151620",7161.60898397678
"1020","20606151621",3756.43910404967
"1021","20606151622",4358.93245297413
"1022","20606151623",4711.99363298929
"1023","20606151624",3802.81463516392
"1024","20607113901",6074.22532337134
"1025","20607113905",7518.77505052973
"1026","20607113910",3801.02100246773
"1027","20607113912",2042.227623341
"1028","20607113914",6121.21214894065
"1029","20607113915",5536.26061655517
"1030","20607113916",8050.00000000853
"1031","20607113917",6333.03350252757
"1032","20607113919",3453.0343637809
"1033","20607113922",2283.80063574427
"1034","20607114001",7454.79351032993
"1035","20607114002",6141.72822926769
"1036","20607114003",6567.82113002373
"1037","20607114004",3868.5371871441
"1038","20607114005",5752.93379644577
"1039","20607114006",4273.21712314436
"1040","20607114007",4060.2311790166
"1041","20607114008",6069.49125037304
"1042","20607114009",6138.2454914915
"1043","20607114010",4572.78705190181
"1044","20607114011",2412.42878045303
"1045","20607114012",1405.22915090648
"1046","20607114013",4486.37343359506
"1047","20607114014",4362.75234037928
"1048","20607114015",5121.00289270475
"1049","20607114016",4074.96798455988
"1050","20607114017",6814.60479891371
"1051","20607114018",4323.74588233192
"1052","20607114019",4916.27062668811
"1053","20607114020",7777.24965377721
"1054","20607114021",8707.98769286334
"1055","20607114022",7350.52944931623
"1056","20607114023",6469.72258488897
"1057","20607114103",4613.54566888721
"1058","20607114108",547.240417611781
"1059","20607114110",590.495813061157
"1060","20607114111",3435.60615689375
"1061","20607114113",2246.17792942004
"1062","20607114114",3093.95615641146
"1063","20607114115",3336.68916764881
"1064","20607114116",2585.50826684801
"1065","20607114117",6570.72587533616
"1066","20607114118",8227.80605891952
"1067","20607114119",5424.78827990804
"1068","20607114120",3265.28263713988
"1069","20607114121",4777.04637113584
"1070","20607114122",5132.74718239653
"1071","20607114123",3851.76068732798
"1072","20607114124",7170.12822605277
"1073","20607114125",5119.706793281
"1074","20607114126",5779.96885647984
"1075","20607114127",5017.5287847289
"1076","20607114128",9005.54447282351
"1077","20607114201",12730.0930267059
"1078","20607114202",5598.03371677602
"1079","20607114203",12256.3771104482
"1080","20607114204",7559.66346111028
"1081","20607114205",8298.76943223341
"1082","20607114206",18326.5432549224
"1083","20607114207",12241.6039212538
"1084","20607114208",6965.14480541399
"1085","20607114209",7241.13390413705
"1086","20607114210",7041.23967455942
"1087","20607114211",7164.72303206977
"1088","20607114212",6637.82711932656
"1089","20607114213",10378.1577982503
"1090","20607114214",13798.4152964466
"1091","20607114215",21972.0112590197
"1092","20607114216",5210.60448413526
"1093","20607114218",6139.63722732557
"1094","20607114219",6657.97783105453
"1095","20607114220",7550.41120253992
"1096","20607114221",9800.89966682521
"1097","20607114222",5282.01853360069
"1098","20607114223",5831.83456566036
"1099","20607114224",4477.84602679988
"1100","20607114225",6244.14487846825
"1101","20607114301",3115.69367310976
"1102","20607114302",2031.73608320401
"1103","20607114303",4182.86588392102
"1104","20607114304",4552.8244313805
"1105","20607114305",3728.20581417874
"1106","20607114306",3718.19365022228
"1107","20607114307",1947.78434754658
"1108","20607114308",3383.72689694442
"1109","20607114309",4740.41466906297
"1110","20607114310",4775.57176597128
"1111","20607114311",5545.12329121153
"1112","20607114312",5325.20296126591
"1113","20607114313",6314.32277549945
"1114","20607114314",6638.16370062858
"1115","20607114315",6646.5182880346
"1116","20607114316",7058.84303045629
"1117","20607114317",4575.49058839623
"1118","20607114318",1910.2284208115
"1119","20607114319",3247.45497769725
"1120","20607114320",3735.8127390428
"1121","20607114321",897.821556455003
"1122","20607114322",3812.06578616636
"1123","20607114323",4429.92515371323
"1124","20607114324",4900.12930218978
"1125","20607114325",4390.71851900799
"1126","20607114326",2472.32582928089
"1127","20607114327",3532.77546736522
"1128","20607114501",1191.33534231026
"1129","20607114505",1828.27713848509
"1130","20607114514",4589.90633502274
"1131","20607114515",3186.59032654511
"1132","20607114516",10.836997786309
"1133","20607114518",10.5429424375319
"1134","20607114519",184.028623676406
"1135","20607114521",1591.92317694766
"1136","20607151701",4529.78852813801
"1137","20607151702",6026.5429562
"1138","20607151703",6366.16009027199
"1139","20607151704",11337.1747280049
"1140","20607151705",3962.97007865338
"1141","20607151706",11572.175495489
"1142","20607151707",9883.66460371718
"1143","20607151708",2357.39424741195
"1144","20607151709",760.055758518989
"1145","20607151710",6458.72851985471
"1146","20607151711",4541.92127999192
"1147","20607151712",2980.69811210631
"1148","20607151713",953.268455202076
"1149","20607151714",6560.37690937197
"1150","20607151715",3514.97231789889
"1151","20607151716",4005.56200238371
"1152","20607151717",2122.20197670116
"1153","20607151718",3098.00328414669
"1154","20607151719",3979.86909171931
"1155","20607151720",2352.9593306206
"1156","20607151721",2693.81402717872
"1157","20607151722",12209.6499059823
"1158","20607151723",6381.63461315394
"1159","20607151724",5842.48295955091
"1160","20607151725",4513.39294674224
"1161","20607151726",2914.91510727086
"1162","20607151727",1687.60653251704
"1163","20607151728",6023.48688298616
"1164","20607151729",2169.82552884728
"1165","20607151730",3398.25955955073
"1166","20607151731",7040.09014903343
"1167","20607151732",3630.6459826512
"1168","20607151733",6626.46678239878
"1169","20607151734",4209.95520811454
"1170","20607151735",6643.38837635111
"1171","20607151736",2165.31823168851
"1172","20607151737",2689.69385979994
"1173","20607151738",1252.7549131874
"1174","20607151739",70.8039908620576
"1175","20607151801",7796.14048617765
"1176","20607151802",7895.32736261703
"1177","20607151803",226.59034388199
"1178","20607151804",6317.62573306859
"1179","20607151805",5021.33080157353
"1180","20607151806",4159.36796470238
"1181","20607151807",1725.98820705996
"1182","20607151808",5246.6492321243
"1183","20607151809",13637.322900101
"1184","20607151810",1746.56488184382
"1185","20607151811",6864.55001425767
"1186","20607151812",7907.72831725023
"1187","20607151813",6670.10198158351
"1188","20607151814",5938.84922694234
"1189","20607151815",5997.41949199405
"1190","20607151816",9253.24374382362
"1191","20607151817",10178.9192917335
"1192","20607151818",2202.71433326353
"1193","20607151819",3445.88624145773
"1194","20607151820",10172.9520151437
"1195","20607151821",8231.62235685951
"1196","20607151822",8840.33341804968
"1197","20607151823",9159.96998279653
"1198","20607151824",6222.23580820377
"1199","20607151825",11584.1009186813
"1200","20607151826",8750.34340497271
"1201","20607151827",2944.67424899999
"1202","20607151828",5484.37489206523
"1203","20607151829",6780.19121181964
"1204","20607151830",7203.43513063025
"1205","20607151831",5794.82858501581
"1206","20607151832",8648.20121536592
"1207","20607151833",4292.91090339841
"1208","20701114701",2118.83645676106
"1209","20701114702",2153.91675725477
"1210","20701114703",1857.07247515261
"1211","20701114709",2383.20644509142
"1212","20701114710",1526.96890522243
"1213","20701114711",2814.64626494256
"1214","20701114712",2038.32778223741
"1215","20701114713",7.47595377588098
"1216","20701114715",7.5281597006912
"1217","20701114716",3186.26745702048
"1218","20701114720",11.6207626970848
"1219","20701114721",10.1563105515695
"1220","20701114722",14.6977883605594
"1221","20701114723",3221.0780882409
"1222","20701114724",3021.52937884026
"1223","20701114725",3958.91415225497
"1224","20701114726",2481.64572108273
"1225","20701114727",1087.04693663188
"1226","20701114728",1507.27757375629
"1227","20701114729",23.8319247355904
"1228","20701114730",2330.23232438954
"1229","20701114731",2256.04777898704
"1230","20701114732",2487.85763669053
"1231","20701114734",112.611717747713
"1232","20701114735",2681.75805535892
"1233","20701114808",436.279393265555
"1234","20701114809",38.6514381416866
"1235","20701114815",2124.57760723771
"1236","20701114816",2112.45417158442
"1237","20701114817",2.55977559437601
"1238","20701114818",938.626671706854
"1239","20701114820",3315.36467833192
"1240","20701114821",3083.86262093177
"1241","20701114822",788.83141707806
"1242","20701114823",992.3628946949
"1243","20701114824",3371.00262530285
"1244","20701114825",750.848902625699
"1245","20701114830",85.1752739326658
"1246","20701114831",2542.86844741657
"1247","20701114832",2896.20140458223
"1248","20701114833",107.008446449748
"1249","20701114834",1785.2447755434
"1250","20701114835",0.074633373869052
"1251","20701114838",302.596441927935
"1252","20701114848",180.108098377625
"1253","20701114850",2018.73902480229
"1254","20701114901",1439.34746427744
"1255","20701114902",177.303373789525
"1256","20701114903",1956.11422633724
"1257","20701114904",7883.38674971325
"1258","20701114905",2941.60462607821
"1259","20701114906",3257.31527832111
"1260","20701114907",9139.17585805758
"1261","20701114908",4996.30139257114
"1262","20701114909",3573.16599737622
"1263","20701114910",404.139879387373
"1264","20701114911",3644.15654705045
"1265","20701114912",3388.95061653114
"1266","20701114913",3476.39483076217
"1267","20701114914",17.8453079794692
"1268","20701114915",3910.70116342557
"1269","20701114916",3047.98633321192
"1270","20701114917",4401.25566995767
"1271","20701114918",4455.04987768509
"1272","20701114919",1987.78715143227
"1273","20701114920",61.9715499885801
"1274","20701114921",464.793732766715
"1275","20701114922",3443.58058433824
"1276","20701114924",1712.37924940147
"1277","20701114925",3429.80661578069
"1278","20701114926",132.570191509451
"1279","20701114927",3155.72962293729
"1280","20701114928",7411.12942849329
"1281","20701114929",3288.90904643956
"1282","20701114930",3219.09216840832
"1283","20701114931",3012.67157811514
"1284","20701114932",1426.25703923645
"1285","20701114934",1755.3185401367
"1286","20701114936",56.6768127341262
"1287","20701114937",2696.32384749502
"1288","20701114938",6.12064152347627
"1289","20701114940",2626.57252722581
"1290","20701114941",2515.85572389451
"1291","20701114942",3857.57319865806
"1292","20701114943",938.840420837388
"1293","20701114945",636.565246065852
"1294","20701114946",3917.31119173491
"1295","20701114947",399.407400644661
"1296","20701114949",2302.91254118294
"1297","20701114950",3371.97425992065
"1298","20701114951",2962.09303573308
"1299","20701115001",1826.4208097127
"1300","20701115004",1680.53558570408
"1301","20701115008",2401.0527983307
"1302","20701115010",2.32440960520882
"1303","20701115012",3400.72109180654
"1304","20701115013",2270.95309480768
"1305","20701115014",3902.04496359384
"1306","20701115015",1953.9148535376
"1307","20701115019",0.134662018440948
"1308","20701115021",0.0183451509848171
"1309","20701115029",389.547416724915
"1310","20701115031",3370.6224208158
"1311","20701115032",180.587964316043
"1312","20701115033",8.12529269190953
"1313","20701115036",1137.31465926353
"1314","20701115037",409.98156437315
"1315","20701115039",32.1121728807623
"1316","20701115040",2894.120660455
"1317","20701115041",3245.19733598464
"1318","20701115201",6527.77030243333
"1319","20701115202",3379.17687458408
"1320","20701115205",3052.30982258418
"1321","20701115206",3604.38546840241
"1322","20701115207",1786.04983253366
"1323","20701115208",930.828081147801
"1324","20701115209",6380.66573511232
"1325","20701115210",3145.37793056608
"1326","20701115211",3206.12187968564
"1327","20701115212",3774.44706997673
"1328","20701115213",600.132413174741
"1329","20701115214",159.82458435899
"1330","20701115216",1585.86766444379
"1331","20701115220",177.011704788933
"1332","20701115221",11542.4492567995
"1333","20701115222",4328.07914251804
"1334","20701115223",5129.03194637032
"1335","20701115224",6174.96077448046
"1336","20701115225",6449.65678813276
"1337","20701115226",665.88353545945
"1338","20701115228",622.157423087765
"1339","20701115230",0.191544460428299
"1340","20701115231",5971.10863189498
"1341","20701115232",11170.8939727988
"1342","20701115233",4239.07613248669
"1343","20701115236",10.4201953380357
"1344","20701115402",4061.55106545982
"1345","20701115403",1160.58985396842
"1346","20701115404",2203.29583638998
"1347","20701115408",156.192662344338
"1348","20701115409",3521.20431568039
"1349","20701115410",2924.20102105879
"1350","20701115411",1882.21499160974
"1351","20701115412",376.726333296132
"1352","20701115413",1147.26142637927
"1353","20701115416",78.2048593882206
"1354","20701115417",2081.63253152233
"1355","20701115511",3005.29940575283
"1356","20701115512",3896.49111248551
"1357","20701115513",3498.71179590158
"1358","20701115514",165.12809361604
"1359","20701115515",3487.55733119798
"1360","20701115516",76.8138680529011
"1361","20701115517",3291.47686623656
"1362","20701115518",293.233771545742
"1363","20701115520",1281.79009889426
"1364","20701115521",3566.87087271043
"1365","20701115528",184.434033343189
"1366","20701115529",275.569182642464
"1367","20701115530",221.23849001301
"1368","20701115531",1757.21325195899
"1369","20701115532",1742.1704167057
"1370","20701115534",2644.8930331594
"1371","20701115535",1551.83704956875
"1372","20701115536",3080.34824063243
"1373","20701115540",2848.71124009806
"1374","20701115542",3398.48071134856
"1375","20701151901",3872.00315632681
"1376","20701151903",4468.91013881718
"1377","20701151904",1841.11621238914
"1378","20701151905",3548.30209884209
"1379","20701151906",4686.04368993441
"1380","20701151908",4896.99738123837
"1381","20701151909",2406.16626208292
"1382","20701151910",1304.93621980179
"1383","20701151911",2846.13829197498
"1384","20701151912",3973.85227831416
"1385","20701151913",4018.52121262066
"1386","20701151915",1389.5154819651
"1387","20701151916",3752.60064231808
"1388","20701151917",3899.78074229874
"1389","20701151918",3142.334951048
"1390","20701151919",19.2549783534279
"1391","20701151920",4928.27050391737
"1392","20701151921",89.8596457533571
"1393","20701151922",5482.72395221743
"1394","20701151923",4120.62773161592
"1395","20701152001",5116.83843252952
"1396","20701152002",7108.16837062587
"1397","20701152003",4770.5446928324
"1398","20701152004",4946.49579443713
"1399","20701152005",4171.58498082243
"1400","20701152006",10441.1340038217
"1401","20701152007",11730.089298928
"1402","20701152008",2134.16258055375
"1403","20701152009",4008.6960678337
"1404","20701152011",2784.02851227822
"1405","20701152012",3914.67880667672
"1406","20701152013",11.6533315125523
"1407","20701152014",6573.72027576286
"1408","20701152015",5738.04365840286
"1409","20701152016",7401.71162040843
"1410","20701152017",4714.12979770033
"1411","20701152018",2212.50353046135
"1412","20701152020",11019.9647792821
"1413","20701152021",7988.88034451848
"1414","20701152022",3374.20738260255
"1415","20701152023",3085.14318240668
"1416","20701152024",8266.63745696788
"1417","20701152025",12170.9056128082
"1418","20701152026",3459.523835304
"1419","20701152027",6722.20006359945
"1420","20701152028",6672.97648342309
"1421","20701152101",3276.22436649171
"1422","20701152103",99.0895809761578
"1423","20701152104",6468.71499641326
"1424","20701152105",2777.90843419085
"1425","20701152106",3407.78077465306
"1426","20701152107",3119.96735069904
"1427","20701152108",8809.14785986679
"1428","20701152109",2326.23977020868
"1429","20701152110",113.107285116549
"1430","20701152111",4344.55462132592
"1431","20701152112",2430.44821935008
"1432","20701152113",6372.54572154844
"1433","20701152114",1171.47988314646
"1434","20701152115",2538.24683085342
"1435","20701152116",2991.28529999395
"1436","20701152117",286.646623448738
"1437","20701152118",5026.83169147668
"1438","20701152119",2973.72080923226
"1439","20701152120",3405.86319293532
"1440","20701152121",211.315345140089
"1441","20701152122",2873.51240562412
"1442","20701152123",7234.73706286898
"1443","20701152124",604.314409085862
"1444","20701152125",4605.50046672871
"1445","20701152126",1832.98617530199
"1446","20701152127",5606.02673917653
"1447","20701152128",546.33968606181
"1448","20701152203",2937.34491005848
"1449","20701152205",4265.23002800101
"1450","20701152206",30.2378290323251
"1451","20701152207",5846.55421539009
"1452","20701152210",3339.04713951373
"1453","20701152211",1852.84772906045
"1454","20701152212",1686.65956854325
"1455","20701152213",898.524976564239
"1456","20701152214",145.642448170732
"1457","20701152215",119.260645572816
"1458","20701152216",1394.50910888423
"1459","20701152217",2802.75523329541
"1460","20701152218",86.4544572447041
"1461","20701152220",5447.25736066281
"1462","20701152224",1969.36701684979
"1463","20701152228",5691.94969723184
"1464","20701152229",80.7984564413055
"1465","20701152230",2202.82689016363
"1466","20701152231",2668.56042570434
"1467","20703116303",1880.96464104677
"1468","20703116311",150.572005629813
"1469","20703116312",191.553724673473
"1470","20703116316",27.3953023106972
"1471","20703116318",18.0817451208408
"1472","20703116319",291.63995955484
"1473","20703116334",500.429571294073
"1474","20703116335",0.875083442968487
"1475","20703116345",48.0868477375921
"1476","20703116346",2404.5260321838
"1477","20703116350",2575.55104270694
"1478","20703116351",1128.59028969539
"1479","20703116352",1446.83846001854
"1480","20703116353",2802.37194978163
"1481","20703116354",1766.77055128825
"1482","20703116355",634.514776565273
"1483","20703116356",947.330584051245
"1484","20703116357",2661.48079187914
"1485","20703116358",1913.12115052459
"1486","20703116427",0.321996537583879
"1487","20703116501",76.5974263732565
"1488","20703116502",222.352563931723
"1489","20703116503",1657.09204755784
"1490","20703116504",89.8091163520149
"1491","20703116506",2622.04080862757
"1492","20703116507",3302.16893400299
"1493","20703116508",2814.47562416669
"1494","20703116509",1611.48823664704
"1495","20703116510",386.616786571656
"1496","20703116511",1790.93111280385
"1497","20703116512",2004.69451133063
"1498","20703116513",1433.67381596341
"1499","20703116514",335.991521258285
"1500","20703116515",500.074481406699
"1501","20703116516",3121.91032939259
"1502","20703116517",2179.47029455851
"1503","20703116520",66.9798764887901
"1504","20703116522",100.334339317778
"1505","20703116523",1738.50317812898
"1506","20703116524",1734.67946939137
"1507","20703116525",2689.2362688431
"1508","20703116526",1358.10933299532
"1509","20703116527",0.439231581762055
"1510","20703116601",2120.0249461787
"1511","20703116602",2704.5477264853
"1512","20703116603",1441.29229525577
"1513","20703116606",751.115394840457
"1514","20703116607",331.060356145485
"1515","20703116608",1761.65663777132
"1516","20703116609",736.958496372925
"1517","20703116611",692.702121018185
"1518","20703116612",10.5915328438144
"1519","20703116613",1050.77784808135
"1520","20703116614",832.833860297877
"1521","20703116615",1805.59169938406
"1522","20703116616",298.722890353774
"1523","20703116617",2125.58337907732
"1524","20703116618",2552.43747210834
"1525","20703116619",1223.54995745198
"1526","20703116620",1114.10442575436
"1527","20703116621",1142.52921053325
"1528","20703116623",1810.89768462387
"1529","20703116624",84.0218221067202
"1530","20703116625",1412.86088129673
"1531","20703116626",175.067679973894
"1532","20703116701",331.153937607688
"1533","20703116702",1981.64344023587
"1534","20703116703",884.537165838228
"1535","20703116704",370.104351943438
"1536","20703116709",1480.6173256116
"1537","20703116710",1363.0129493447
"1538","20703116711",1824.08969499217
"1539","20703116717",319.86089326683
"1540","20703116718",3458.89826757997
"1541","20703116719",2384.02571782396
"1542","20703116720",2263.19805230966
"1543","20703116721",3649.87841219774
"1544","20703116722",3829.84871061515
"1545","20703116723",1211.41281088631
"1546","20801116905",412.296222305844
"1547","20801116906",935.142827593789
"1548","20801116943",5.61568275543687
"1549","20801117002",556.992144650653
"1550","20801117003",105.954322678168
"1551","20801117004",562.700568517124
"1552","20801117005",953.265004207204
"1553","20801117008",58.1115017610552
"1554","20801117009",59.4698286191174
"1555","20801117016",2968.34649595579
"1556","20801117017",3198.58467401265
"1557","20801117018",2978.54301324318
"1558","20801117019",2975.20643224906
"1559","20801117020",1868.26738322912
"1560","20801117021",1278.719393124
"1561","20801117022",2012.46556044883
"1562","20801117023",3199.54249287227
"1563","20801117024",255.248428074225
"1564","20801117028",95.9673857186857
"1565","20801117029",13.5402331832545
"1566","20801117031",486.498905074727
"1567","20801117036",438.655963040166
"1568","20801117037",18.962541098309
"1569","20802117608",140.029232731253
"1570","20802117609",1300.15954206163
"1571","20802117611",206.872659981393
"1572","20802117613",567.700571724625
"1573","20802117614",881.713297676455
"1574","20802117618",425.030999229559
"1575","20802117619",45.8035290830745
"1576","20802117620",3243.92548869955
"1577","20802117621",5029.95352770445
"1578","20802117622",4601.03360726113
"1579","20802117623",4292.49745450107
"1580","20802117624",1146.20573748543
"1581","20802117631",2932.69619877338
"1582","20802117632",487.593020617395
"1583","20802117634",953.930932804254
"1584","20802117637",4157.98772855204
"1585","20802117639",4479.24585948472
"1586","20802117640",461.050248161991
"1587","20802117642",116.834066929685
"1588","20802117646",4153.70910695519
"1589","20802117647",2312.68417905125
"1590","20802117650",3881.77883900322
"1591","20802117701",2337.21028480339
"1592","20802117702",589.008165353754
"1593","20802117703",762.599108236822
"1594","20802117706",290.119764608892
"1595","20802117707",2968.4293659858
"1596","20802117708",6195.29438712221
"1597","20802117709",6055.44424145019
"1598","20802117710",329.935133904575
"1599","20802117711",801.173066581486
"1600","20802117712",45.081977592524
"1601","20802117713",607.044125524388
"1602","20802117714",3465.56203311879
"1603","20802117715",4897.18218491752
"1604","20802117716",3845.5192390813
"1605","20802117717",4447.19083303182
"1606","20802117718",7121.29005373332
"1607","20802117719",2444.32250962111
"1608","20802117720",7738.27509893965
"1609","20802117721",10918.6241756446
"1610","20802117722",5156.56919577601
"1611","20802117723",4810.99470703127
"1612","20802117724",5901.44918831295
"1613","20802117725",9951.20918592962
"1614","20802117726",6798.90371692109
"1615","20802117727",4869.90985041177
"1616","20802117728",1957.16480185432
"1617","20802117729",397.554688542344
"1618","20802117730",1709.20898620274
"1619","20802117731",2903.22898856649
"1620","20802117732",4267.64226539416
"1621","20802117733",6939.33373222631
"1622","20802117734",3909.53042317256
"1623","20802117735",2897.45919431611
"1624","20802117736",561.611674027848
"1625","20802117737",5186.94542608533
"1626","20802117738",8351.96591864419
"1627","20802117739",4549.80732612338
"1628","20802117740",2965.37976619758
"1629","20802117741",9297.57541763939
"1630","20802117742",152.963794731513
"1631","20802117743",4694.74854371763
"1632","20802117746",238.248285210541
"1633","20802117747",5092.60839094447
"1634","20802117748",467.783987182218
"1635","20802117749",6665.45067991049
"1636","20802117750",5347.85220471599
"1637","20802117751",6202.45551509673
"1638","20802117752",5659.11977534372
"1639","20802117753",5786.37391995984
"1640","20802117754",4488.56687361871
"1641","20802117756",3807.64794752841
"1642","20802117757",5372.93925444114
"1643","20802117758",4292.93247603699
"1644","20802117801",2105.6046207852
"1645","20802117802",3493.47473146654
"1646","20802117803",487.806484500509
"1647","20802117804",490.85695241495
"1648","20802117805",4638.97385868642
"1649","20802117806",4512.48192542182
"1650","20802117807",1488.25422896762
"1651","20802117817",4265.56394040313
"1652","20802117818",4601.09305836651
"1653","20802117819",912.708386025355
"1654","20802117820",1102.20655915149
"1655","20802117822",5227.52514754519
"1656","20802117823",6460.14905009325
"1657","20802117824",3045.63931455801
"1658","20802117825",729.70945535465
"1659","20802117826",3129.54151266985
"1660","20802117827",1719.44205706992
"1661","20802117828",5084.88025590871
"1662","20802117829",3585.97241872415
"1663","20802117830",5183.98507414428
"1664","20802117831",776.060406628592
"1665","20802117832",3189.80697939957
"1666","20802117833",2015.4417813831
"1667","20802117834",2155.85565978591
"1668","20802117835",2023.68598740883
"1669","20802117836",1793.75375457827
"1670","20802117837",6409.9257177676
"1671","20802117838",3572.21129947734
"1672","20802117839",1837.79355074719
"1673","20802117840",2102.09668391534
"1674","20802117841",4501.39845988103
"1675","20802117843",2552.44062262623
"1676","20802117901",190.119992283982
"1677","20802117903",785.201729818231
"1678","20802117906",1394.45984495879
"1679","20802117908",860.154340211772
"1680","20802117909",3025.45121542161
"1681","20802117913",1843.59772857002
"1682","20802117917",2558.34440745766
"1683","20802117918",2594.02265668489
"1684","20802117919",2664.71573330071
"1685","20802117920",3346.83545017808
"1686","20802117921",3459.66385495555
"1687","20802117922",37.3101698289353
"1688","20802117923",2762.33386966592
"1689","20802117924",4207.49785912132
"1690","20802117925",1312.87138509007
"1691","20802117926",3255.52202674264
"1692","20802117927",0.103937962872519
"1693","20802117929",3398.99999999964
"1694","20802117930",3398.27988509406
"1695","20802118204",4233.54582620576
"1696","20802118205",4267.51601386535
"1697","20802118206",4439.2336753063
"1698","20802118207",4338.6519375821
"1699","20802118208",2314.65651513745
"1700","20802118209",2775.95261141216
"1701","20802118211",99.8124218629611
"1702","20804119401",4004.32984932025
"1703","20804119403",4528.09605114487
"1704","20804119404",4886.17379154855
"1705","20804119405",4148.52713624656
"1706","20804119406",4294.8298026927
"1707","20804119407",4461.1205267789
"1708","20804119408",3962.82901074086
"1709","20804119409",4741.64313804309
"1710","20804119410",4201.43866259632
"1711","20804119411",3464.01488815192
"1712","20804119412",4447.79134062949
"1713","20804119413",3698.53435682546
"1714","20804119414",3266.06880436861
"1715","20804119415",2310.77807939758
"1716","20804119416",3942.50119148878
"1717","20804119417",3247.54108986042
"1718","20804119418",1896.59842958743
"1719","20804119419",1453.69040651062
"1720","20804119420",2692.46809711485
"1721","20804119421",547.310497317742
"1722","20804119423",1195.28972811549
"1723","20804119424",9109.40865952297
"1724","20804119425",3834.22758619974
"1725","20804119426",351.703245934849
"1726","20804119428",7295.43679099343
"1727","20804119429",6910.05244643012
"1728","20804119430",3913.54793114314
"1729","20804119431",7508.20608707448
"1730","20804119432",4815.91300352573
"1731","20804119433",4975.63378153046
"1732","20804119434",4194.17777562193
"1733","20804119435",3407.50609526759
"1734","20804119436",2348.02570109865
"1735","20804119437",1411.19663917961
"1736","20804119438",6332.05502385212
"1737","20804119439",2720.12482586993
"1738","20804119440",2887.97356924736
"1739","20804119441",294.38153727185
"1740","20804119442",3510.43838569272
"1741","20804119443",3402.79479918346
"1742","20804119444",2954.9460823249
"1743","20804119445",1057.78117557781
"1744","20804119446",545.22277121162
"1745","20804119447",5599.62645422921
"1746","20804119448",7820.72670308602
"1747","20804119449",1193.41596641001
"1748","20804119450",4471.23359206713
"1749","20804119451",2874.37511943354
"1750","20804119452",4935.74597234595
"1751","20804119453",4854.82485214122
"1752","20804119503",14.4487978075276
"1753","20804119507",892.180860853936
"1754","20804119510",2211.80906851836
"1755","20804119511",1848.8687483087
"1756","20804119513",88.6845338661429
"1757","20804119515",3582.23739629605
"1758","20804119516",1354.15323895884
"1759","20804119518",245.505126808274
"1760","20804119519",2709.1119808048
"1761","20804119526",3352.20960865099
"1762","20804119527",2928.08927456372
"1763","20804119529",480.316356976609
"1764","20804119530",3021.16792862376
"1765","20804119533",3370.32244112157
"1766","20804119534",2948.21327463217
"1767","20804119539",0.668778902502367
"1768","20804119541",886.453312078744
"1769","20804119543",658.594581060724
"1770","20804119546",3108.5972715611
"1771","20804119547",48.2822757429358
"1772","20804119548",438.252663829807
"1773","20804119549",33.7875914114169
"1774","20804119552",3279.52553613373
"1775","20804119553",3507.38534936737
"1776","20804119556",5087.34136424535
"1777","20901119604",2608.96866174887
"1778","20901119607",2297.66444864025
"1779","20901119613",1293.15694935132
"1780","20901119614",10.5522047315175
"1781","20901119615",2314.21624236911
"1782","20901119616",1645.78798386941
"1783","20901119617",680.75255951164
"1784","20901119618",2190.21532831973
"1785","20901119624",603.78695061603
"1786","20902120503",0.253407639552666
"1787","20902120504",2195.30381851258
"1788","20902120508",2627.09379121147
"1789","20902120509",3305.18992796719
"1790","20902120511",160.963054492485
"1791","20902120516",327.466399007115
"1792","20902120517",417.437040922141
"1793","20902120518",2084.3483015909
"1794","20902120519",865.352137692342
"1795","20902120520",2126.59792965726
"1796","20902120522",3572.10251457297
"1797","20902120523",1837.0649100434
"1798","20902120525",14.3442472746112
"1799","20902120526",464.642144110913
"1800","20902120528",2908.8218506313
"1801","20902120529",3149.44578443031
"1802","20902120530",677.771911398882
"1803","20902120531",1329.37080368772
"1804","20902142802",3763.35988081146
"1805","20902142803",2049.5472077086
"1806","20902142804",2122.02667591069
"1807","20902142807",1477.17094110265
"1808","20902142810",2684.64618112373
"1809","20902142811",4645.93121364567
"1810","20902142812",2863.55785215719
"1811","20902142813",816.289849818572
"1812","20902142814",2.71408494548553
"1813","20902142816",3879.59277565169
"1814","20902142818",802.377106747091
"1815","20902142821",4398.12383276986
"1816","20902142822",901.273778184559
"1817","20902142826",4465.48845898592
"1818","20902142829",386.424499389483
"1819","20902142830",2216.72010869313
"1820","20902142836",90.9511914098209
"1821","20902142837",4056.24523794788
"1822","20902142839",3370.40275930428
"1823","20902142840",671.480042404914
"1824","20902142841",3595.61836546379
"1825","20902142844",4849.1414098566
"1826","20902142845",3999.77954686329
"1827","20902142846",3550.3547929101
"1828","20902142849",3703.99620766444
"1829","20902142850",2523.06461122385
"1830","20902142901",1201.67370033457
"1831","20902142902",1215.68491604982
"1832","20902142903",4290.41440190879
"1833","20902142904",3531.48619027573
"1834","20902142905",4079.41969839598
"1835","20902142906",4248.97250040488
"1836","20902142907",3478.34219789964
"1837","20902142908",3284.97608688247
"1838","20902142909",2076.67984622205
"1839","20902142910",2032.36329057654
"1840","20902142911",224.240014369068
"1841","20902142912",3292.03012792277
"1842","20902142914",2985.46017957782
"1843","20902142915",3575.65631618715
"1844","20902142916",552.16457355374
"1845","20902142917",4864.15232426362
"1846","20902142918",4353.48330509916
"1847","20902142920",250.282732082564
"1848","20902142921",74.7944730761472
"1849","20902142922",368.11732982318
"1850","20902142923",3465.59584007646
"1851","20902142924",3516.09058115205
"1852","20902142925",2205.52654781843
"1853","20902152503",77.5078088026157
"1854","20902152505",48.0340297631067
"1855","20902152506",188.286459803221
"1856","20902152507",991.68298223504
"1857","20902152508",2780.37847287765
"1858","20902152509",406.128546063963
"1859","20902152510",3218.16184998331
"1860","20902152512",888.042461353035
"1861","20902152514",3424.0945700595
"1862","20902152515",719.574389545171
"1863","20902152517",684.320381442341
"1864","20902152519",3045.34841569825
"1865","20902152521",3248.11957268691
"1866","20902152523",1195.18747032027
"1867","20902152524",16.2367021577259
"1868","20902152526",2906.9033671508
"1869","20902152527",3407.25253892106
"1870","20902152606",0.913358894438578
"1871","20902152607",445.231722806201
"1872","20902152617",744.609980632245
"1873","20902152629",1335.38925264232
"1874","20904121601",824.716271620699
"1875","20904121603",1425.70024764782
"1876","20904121614",496.545350667307
"1877","20904121615",1340.74237125071
"1878","20904121616",66.9462284256111
"1879","20904121705",1853.24772956438
"1880","20904121707",0.731651467136981
"1881","20904121708",3640.28779664916
"1882","20904121709",2128.08782086097
"1883","20904121712",126.825884874752
"1884","20904121713",1504.95274103895
"1885","20904121716",1896.61028678783
"1886","20904121717",1284.32546969798
"1887","20904122102",286.497049743146
"1888","20904122118",664.797927730742
"1889","20904122127",16.1713262331023
"1890","21001122602",3287.80692856167
"1891","21001122603",2700.99351352895
"1892","21001122605",11.8910816864808
"1893","21001122610",1417.97142851678
"1894","21001122616",746.535027327047
"1895","21001122701",749.42014046449
"1896","21001122804",0.471694544829568
"1897","21001123001",137.939135380392
"1898","21001123003",1653.04494022182
"1899","21001123004",3833.38019054757
"1900","21001123006",297.518744685681
"1901","21001123008",446.593768251613
"1902","21001123017",4767.2727601037
"1903","21001123104",500.61993963253
"1904","21001123106",184.464353644415
"1905","21001123113",423.383384057218
"1906","21001153309",38.224236697178
"1907","21003123601",3.26614016793964
"1908","21003123603",1442.79120586755
"1909","21003123604",1661.05246766407
"1910","21003123605",6.26725797453328
"1911","21003123609",860.752129831477
"1912","21003123611",949.843374240338
"1913","21003123612",6359.81428941157
"1914","21003123613",4534.94052395123
"1915","21003123616",239.45840003064
"1916","21003123617",903.560701003481
"1917","21003143906",7.30743660774342
"1918","21104126908",961.762999314423
"1919","21104127308",313.062086213996
"1920","21104127309",33.6828737160683
"1921","21104127310",22.8988471169562
"1922","21104127311",147.893927538849
"1923","21104127312",1267.80378317965
"1924","21104127313",1708.05799530722
"1925","21104127314",0.0667914312813317
"1926","21104127315",1861.38751965584
"1927","21104127316",225.772048122463
"1928","21104127317",98.7813047421688
"1929","21104127320",1183.55051284999
"1930","21104127323",637.619978374437
"1931","21104127329",7.00288235555617
"1932","21104127330",40.1362857939257
"1933","21205131905",48.1261388118185
"1934","21205131907",257.592185950026
"1935","21303134715",679.961759619954
"1936","21303134738",977.365056380452
"1937","21303134743",244.719039652316
"1938","21303134801",162.528591840268
"1939","21303134803",707.724888494809
"1940","21303134804",1379.41643349761
"1941","21303134805",2369.22466755822
"1942","21303134806",2094.94583293734
"1943","21303134807",1917.11329872949
"1944","21303134810",2698.01884874434
"1945","21303134811",2405.36826013934
"1946","21303134812",773.581022511315
"1947","21303134813",15.3312855657427
"1948","21303134815",0.342814026307783
"1949","21303134817",433.902560542948
"1950","21303134818",2426.72141821006
"1951","21303134819",1993.82671729875
"1952","21303134820",2304.94588440438
"1953","21303134824",436.832489494273
"1954","21303134825",409.58538281752
"1955","21303134826",12.2161910203919
"1956","21303134827",919.141806691331
"1957","21303134829",462.154737535347
"1958","21303134830",5.68048529781823
"1959","21303134831",2704.14342233628
"1960","21303134832",2515.82192727272
"1961","21303134833",819.862600131201
"1962","21303134834",2549.94895191554
"1963","21303134835",2873.75906800837
"1964","21303134836",2220.15134386816
"1965","21303134837",496.320280544527
"1966","21303134839",14.2540491065441
"1967","21303134842",806.93256103196
"1968","21303134845",21.0384706519736
"1969","21303134902",3382.06727497969
"1970","21303134903",2104.46818209982
"1971","21303134904",3305.2814661865
"1972","21303134906",1899.46126075764
"1973","21303134907",347.632813820776
"1974","21303134908",521.200668320197
"1975","21303134909",1087.4857303262
"1976","21303134910",1859.10264262253
"1977","21303134911",2636.19007098458
"1978","21303134912",4021.49723204161
"1979","21303134913",4244.83618296788
"1980","21303134914",5620.73287856469
"1981","21303134916",1937.39812523609
"1982","21303134917",1042.78061645347
"1983","21303134918",488.874480215948
"1984","21303134919",6213.60002036517
"1985","21303134920",3860.05573031476
"1986","21303134921",1979.8345805075
"1987","21303134922",4296.94264055395
"1988","21303134925",35.1696676134897
"1989","21303134929",2642.13334052729
"1990","21303134930",4204.0963377913
"1991","21303134931",268.099165755118
"1992","21303134932",764.300768341255
"1993","21303134933",23.8668190801666
"1994","21303134934",4327.37730560787
"1995","21303134935",1536.51671432588
"1996","21303134937",628.894543058875
